{"cameraMode":{"drawMode":0,"name":"Shaded","section":"Shading Mode"},"sceneLighting":true,"audioPlay":false,"sceneViewState":{"showFog":true,"showMaterialUpdate":false,"showSkybox":true,"showFlares":true,"showImageEffects":true,"showParticleSystems":true},"in2DMode":false,"pivot":{"x":-4.5601935386657719,"y":-0.07697119563817978,"z":-2.364899158477783},"rotation":{"x":-0.32968416810035708,"y":0.015291345305740834,"z":-0.005338336806744337,"w":-0.9439650774002075},"size":3.3374783992767336,"orthographic":false}