{"cameraMode":{"drawMode":0,"name":"Shaded","section":"Shading Mode"},"sceneLighting":true,"audioPlay":false,"sceneViewState":{"showFog":true,"showMaterialUpdate":false,"showSkybox":true,"showFlares":true,"showImageEffects":true,"showParticleSystems":true},"in2DMode":false,"pivot":{"x":-1.0912480354309083,"y":1.2490767240524293,"z":-0.6625171899795532},"rotation":{"x":-0.3466639220714569,"y":0.00393771892413497,"z":-0.0014523057034239174,"w":-0.9379937648773193},"size":3.9374783039093019,"orthographic":false}