{"cameraMode":{"drawMode":0,"name":"Shaded","section":"Shading Mode"},"sceneLighting":true,"audioPlay":false,"sceneViewState":{"showFog":true,"showMaterialUpdate":false,"showSkybox":true,"showFlares":true,"showImageEffects":true,"showParticleSystems":true},"in2DMode":false,"pivot":{"x":10.783146858215332,"y":-1.8711929321289063,"z":5.094182968139648},"rotation":{"x":-0.0022634449414908888,"y":0.9492671489715576,"z":-0.31437599658966067,"w":-0.006833875551819801},"size":18.617136001586915,"orthographic":false}